common	/Users/mymac/Desktop/RustyOnions/crates/common/Cargo.toml	/Users/mymac/Desktop/RustyOnions/crates/common
workspace-hack	/Users/mymac/Desktop/RustyOnions/workspace-hack/Cargo.toml	/Users/mymac/Desktop/RustyOnions/workspace-hack
accounting	/Users/mymac/Desktop/RustyOnions/crates/accounting/Cargo.toml	/Users/mymac/Desktop/RustyOnions/crates/accounting
overlay	/Users/mymac/Desktop/RustyOnions/crates/overlay/Cargo.toml	/Users/mymac/Desktop/RustyOnions/crates/overlay
transport	/Users/mymac/Desktop/RustyOnions/crates/transport/Cargo.toml	/Users/mymac/Desktop/RustyOnions/crates/transport
node	/Users/mymac/Desktop/RustyOnions/crates/node/Cargo.toml	/Users/mymac/Desktop/RustyOnions/crates/node
naming	/Users/mymac/Desktop/RustyOnions/crates/naming/Cargo.toml	/Users/mymac/Desktop/RustyOnions/crates/naming
tldctl	/Users/mymac/Desktop/RustyOnions/crates/tldctl/Cargo.toml	/Users/mymac/Desktop/RustyOnions/crates/tldctl
index	/Users/mymac/Desktop/RustyOnions/crates/index/Cargo.toml	/Users/mymac/Desktop/RustyOnions/crates/index
ryker	/Users/mymac/Desktop/RustyOnions/crates/ryker/Cargo.toml	/Users/mymac/Desktop/RustyOnions/crates/ryker
ron-billing	/Users/mymac/Desktop/RustyOnions/crates/ron-billing/Cargo.toml	/Users/mymac/Desktop/RustyOnions/crates/ron-billing
gateway	/Users/mymac/Desktop/RustyOnions/crates/gateway/Cargo.toml	/Users/mymac/Desktop/RustyOnions/crates/gateway
oap	/Users/mymac/Desktop/RustyOnions/crates/oap/Cargo.toml	/Users/mymac/Desktop/RustyOnions/crates/oap
ron-bus	/Users/mymac/Desktop/RustyOnions/crates/ron-bus/Cargo.toml	/Users/mymac/Desktop/RustyOnions/crates/ron-bus
ron-kernel	/Users/mymac/Desktop/RustyOnions/crates/ron-kernel/Cargo.toml	/Users/mymac/Desktop/RustyOnions/crates/ron-kernel
kameo	/Users/mymac/Desktop/RustyOnions/crates/kameo/Cargo.toml	/Users/mymac/Desktop/RustyOnions/crates/kameo
svc-index	/Users/mymac/Desktop/RustyOnions/crates/svc-index/Cargo.toml	/Users/mymac/Desktop/RustyOnions/crates/svc-index
svc-overlay	/Users/mymac/Desktop/RustyOnions/crates/svc-overlay/Cargo.toml	/Users/mymac/Desktop/RustyOnions/crates/svc-overlay
svc-storage	/Users/mymac/Desktop/RustyOnions/crates/svc-storage/Cargo.toml	/Users/mymac/Desktop/RustyOnions/crates/svc-storage
ronctl	/Users/mymac/Desktop/RustyOnions/tools/ronctl/Cargo.toml	/Users/mymac/Desktop/RustyOnions/tools/ronctl
actor_spike	/Users/mymac/Desktop/RustyOnions/experiments/actor_spike/Cargo.toml	/Users/mymac/Desktop/RustyOnions/experiments/actor_spike
ron-app-sdk	/Users/mymac/Desktop/RustyOnions/crates/ron-app-sdk/Cargo.toml	/Users/mymac/Desktop/RustyOnions/crates/ron-app-sdk
svc-omnigate	/Users/mymac/Desktop/RustyOnions/crates/svc-omnigate/Cargo.toml	/Users/mymac/Desktop/RustyOnions/crates/svc-omnigate
gwsmoke	/Users/mymac/Desktop/RustyOnions/testing/gwsmoke/Cargo.toml	/Users/mymac/Desktop/RustyOnions/testing/gwsmoke
ron-kms	/Users/mymac/Desktop/RustyOnions/crates/ron-kms/Cargo.toml	/Users/mymac/Desktop/RustyOnions/crates/ron-kms
ron-proto	/Users/mymac/Desktop/RustyOnions/crates/ron-proto/Cargo.toml	/Users/mymac/Desktop/RustyOnions/crates/ron-proto
ron-auth	/Users/mymac/Desktop/RustyOnions/crates/ron-auth/Cargo.toml	/Users/mymac/Desktop/RustyOnions/crates/ron-auth
ron-audit	/Users/mymac/Desktop/RustyOnions/crates/ron-audit/Cargo.toml	/Users/mymac/Desktop/RustyOnions/crates/ron-audit
micronode	/Users/mymac/Desktop/RustyOnions/crates/micronode/Cargo.toml	/Users/mymac/Desktop/RustyOnions/crates/micronode
ron-policy	/Users/mymac/Desktop/RustyOnions/crates/ron-policy/Cargo.toml	/Users/mymac/Desktop/RustyOnions/crates/ron-policy
svc-edge	/Users/mymac/Desktop/RustyOnions/crates/svc-edge/Cargo.toml	/Users/mymac/Desktop/RustyOnions/crates/svc-edge
svc-sandbox	/Users/mymac/Desktop/RustyOnions/crates/svc-sandbox/Cargo.toml	/Users/mymac/Desktop/RustyOnions/crates/svc-sandbox
