common,workspace-hack
accounting,workspace-hack
overlay,transport
overlay,workspace-hack
transport,accounting
transport,workspace-hack
node,common
node,overlay
node,transport
node,workspace-hack
naming,workspace-hack
tldctl,index
tldctl,naming
tldctl,ryker
tldctl,workspace-hack
index,naming
index,workspace-hack
ryker,ron-billing
ron-billing,naming
gateway,index
gateway,naming
gateway,oap
gateway,ron-bus
gateway,ron-kernel
gateway,workspace-hack
oap,workspace-hack
ron-bus,workspace-hack
ron-kernel,kameo
ron-kernel,workspace-hack
kameo,workspace-hack
svc-index,index
svc-index,naming
svc-index,ron-bus
svc-index,workspace-hack
svc-overlay,ron-bus
svc-overlay,workspace-hack
svc-storage,ron-bus
svc-storage,workspace-hack
ronctl,ron-bus
ronctl,workspace-hack
actor_spike,ron-kernel
actor_spike,workspace-hack
ron-app-sdk,workspace-hack
svc-omnigate,ron-app-sdk
svc-omnigate,workspace-hack
gwsmoke,workspace-hack
ron-kms,ron-proto
micronode,ron-policy
svc-edge,ron-policy
